{
    "prepare_queue": {
        "installed": [],
        "uninstalled": []
    },
    "config_munge": {
        "files": {
            "res/xml/config.xml": {
                "parents": {
                    "/*": [
                        {
                            "xml": "<feature name=\"Device\"><param name=\"android-package\" value=\"org.apache.cordova.device.Device\" /></feature>",
                            "count": 1
                        },
                        {
                            "xml": "<feature name=\"SplashScreen\"><param name=\"android-package\" value=\"org.apache.cordova.splashscreen.SplashScreen\" /><param name=\"onload\" value=\"true\" /></feature>",
                            "count": 1
                        },
                        {
                            "xml": "<feature name=\"StatusBar\"><param name=\"android-package\" value=\"org.apache.cordova.statusbar.StatusBar\" /><param name=\"onload\" value=\"true\" /></feature>",
                            "count": 1
                        },
                        {
                            "xml": "<feature name=\"Whitelist\"><param name=\"android-package\" value=\"org.apache.cordova.whitelist.WhitelistPlugin\" /><param name=\"onload\" value=\"true\" /></feature>",
                            "count": 1
                        },
                        {
                            "xml": "<feature name=\"SQLitePlugin\"><param name=\"android-package\" value=\"io.sqlc.SQLitePlugin\" /></feature>",
                            "count": 1
                        },
                        {
                            "xml": "<feature name=\"Keyboard\"><param name=\"android-package\" value=\"io.ionic.keyboard.IonicKeyboard\" /><param name=\"onload\" value=\"true\" /></feature>",
                            "count": 1
                        },
                        {
                            "xml": "<feature name=\"sqlDB\"><param name=\"android-package\" value=\"me.rahul.plugins.sqlDB.sqlDB\" /></feature>",
                            "count": 1
                        }
                    ]
                }
            },
            "AndroidManifest.xml": {
                "parents": {
                    "/manifest": [
                        {
                            "xml": "<uses-permission android:name=\"android.permission.WRITE_EXTERNAL_STORAGE\" />",
                            "count": 1
                        }
                    ]
                }
            }
        }
    },
    "installed_plugins": {
        "cordova-plugin-console": {
            "PACKAGE_NAME": "com.ionicframework.biogam584955"
        },
        "cordova-plugin-device": {
            "PACKAGE_NAME": "com.ionicframework.biogam584955"
        },
        "cordova-plugin-splashscreen": {
            "PACKAGE_NAME": "com.ionicframework.biogam584955"
        },
        "cordova-plugin-statusbar": {
            "PACKAGE_NAME": "com.ionicframework.biogam584955"
        },
        "cordova-plugin-whitelist": {
            "PACKAGE_NAME": "com.ionicframework.biogam584955"
        },
        "cordova-sqlite-storage": {
            "PACKAGE_NAME": "com.ionicframework.biogam584955"
        },
        "ionic-plugin-keyboard": {
            "PACKAGE_NAME": "com.ionicframework.biogam584955"
        },
        "me.rahul.plugins.sqlDB": {
            "PACKAGE_NAME": "com.ionicframework.biogam584955"
        }
    },
    "dependent_plugins": {},
    "modules": [
        {
            "file": "plugins/cordova-plugin-device/www/device.js",
            "id": "cordova-plugin-device.device",
            "pluginId": "cordova-plugin-device",
            "clobbers": [
                "device"
            ]
        },
        {
            "file": "plugins/cordova-plugin-splashscreen/www/splashscreen.js",
            "id": "cordova-plugin-splashscreen.SplashScreen",
            "pluginId": "cordova-plugin-splashscreen",
            "clobbers": [
                "navigator.splashscreen"
            ]
        },
        {
            "file": "plugins/cordova-plugin-statusbar/www/statusbar.js",
            "id": "cordova-plugin-statusbar.statusbar",
            "pluginId": "cordova-plugin-statusbar",
            "clobbers": [
                "window.StatusBar"
            ]
        },
        {
            "file": "plugins/cordova-plugin-whitelist/whitelist.js",
            "id": "cordova-plugin-whitelist.whitelist",
            "pluginId": "cordova-plugin-whitelist",
            "runs": true
        },
        {
            "file": "plugins/cordova-sqlite-storage/www/SQLitePlugin.js",
            "id": "cordova-sqlite-storage.SQLitePlugin",
            "pluginId": "cordova-sqlite-storage",
            "clobbers": [
                "SQLitePlugin"
            ]
        },
        {
            "file": "plugins/ionic-plugin-keyboard/www/android/keyboard.js",
            "id": "ionic-plugin-keyboard.keyboard",
            "pluginId": "ionic-plugin-keyboard",
            "clobbers": [
                "cordova.plugins.Keyboard"
            ],
            "runs": true
        },
        {
            "file": "plugins/me.rahul.plugins.sqlDB/www/sqlDB.js",
            "id": "me.rahul.plugins.sqlDB.sqlDB",
            "pluginId": "me.rahul.plugins.sqlDB",
            "clobbers": [
                "window.plugins.sqlDB"
            ]
        }
    ],
    "plugin_metadata": {
        "cordova-plugin-console": "1.0.2",
        "cordova-plugin-device": "1.1.1",
        "cordova-plugin-splashscreen": "3.1.0",
        "cordova-plugin-statusbar": "2.1.0",
        "cordova-plugin-whitelist": "1.2.1",
        "cordova-sqlite-storage": "0.8.0",
        "ionic-plugin-keyboard": "1.0.8",
        "me.rahul.plugins.sqlDB": "1.0.3"
    }
}